<?xml version="1.0" encoding="UTF-8"?>
<project-private xmlns="http://www.netbeans.org/ns/project-private/1">
    <editor-bookmarks xmlns="http://www.netbeans.org/ns/editor-bookmarks/2" lastBookmarkId="0"/>
    <open-files xmlns="http://www.netbeans.org/ns/projectui-open-files/2">
        <group>
            <file>file:/C:/Users/Suraj/Documents/NetBeansProjects/Covid%20Centers%20Managment%20System/src/Main.java</file>
            <file>file:/C:/Users/Suraj/Documents/NetBeansProjects/Covid%20Centers%20Managment%20System/src/Patient.java</file>
            <file>file:/C:/Users/Suraj/Documents/NetBeansProjects/Covid%20Centers%20Managment%20System/src/About.java</file>
            <file>file:/C:/Users/Suraj/Documents/NetBeansProjects/Covid%20Centers%20Managment%20System/src/Doctor.java</file>
            <file>file:/C:/Users/Suraj/Documents/NetBeansProjects/Covid%20Centers%20Managment%20System/src/Prescription.java</file>
            <file>file:/C:/Users/Suraj/Documents/NetBeansProjects/Covid%20Centers%20Managment%20System/src/Login.java</file>
            <file>file:/C:/Users/Suraj/Documents/NetBeansProjects/Covid%20Centers%20Managment%20System/src/Test.java</file>
            <file>file:/C:/Users/Suraj/Documents/NetBeansProjects/Covid%20Centers%20Managment%20System/src/Appoinment.java</file>
            <file>file:/C:/Users/Suraj/Documents/NetBeansProjects/Covid%20Centers%20Managment%20System/src/ViewPrescription.java</file>
            <file>file:/C:/Users/Suraj/Documents/NetBeansProjects/Covid%20Centers%20Managment%20System/src/Inventory.java</file>
        </group>
    </open-files>
</project-private>
